ID,P06
1,V_6-1
2,V_6-2
3,V_6-3
4,V_6-4
5,V_6-5
6,V_6-6
7,V_6-7
8,V_6-8
9,V_6-9
10,V_6-10
11,V_6-11
12,V_6-12
13,V_6-13
14,V_6-14
15,V_6-15
16,V_6-16
17,V_6-17
18,V_6-18
19,V_6-19
20,V_6-20
21,V_6-21
22,V_6-22
23,V_6-23
24,V_6-24
25,V_6-25
26,V_6-26
27,V_6-27
28,V_6-28
29,V_6-29
30,V_6-30
31,V_6-31
32,V_6-32
33,V_6-33
34,V_6-34
35,V_6-35
36,V_6-36
37,V_6-37
38,V_6-38
39,V_6-39
40,V_6-40
41,V_6-41
42,V_6-42
43,V_6-43
44,V_6-44
45,V_6-45
46,V_6-46
47,V_6-47
48,V_6-48
49,V_6-49
50,V_6-50
51,V_6-51
52,V_6-52
53,V_6-53
54,V_6-54
55,V_6-55
56,V_6-56
57,V_6-57
58,V_6-58
59,V_6-59
60,V_6-60
61,V_6-61
62,V_6-62
63,V_6-63
64,V_6-64
65,V_6-65
66,V_6-66
67,V_6-67
68,V_6-68
69,V_6-69
70,V_6-70
71,V_6-71
72,V_6-72
73,V_6-73
74,V_6-74
75,V_6-75
76,V_6-76
77,V_6-77
78,V_6-78
79,V_6-79
80,V_6-80
81,V_6-81
82,V_6-82
83,V_6-83
84,V_6-84
85,V_6-85
86,V_6-86
87,V_6-87
88,V_6-88
89,V_6-89
90,V_6-90
91,V_6-91
92,V_6-92
93,V_6-93
94,V_6-94
95,V_6-95
96,V_6-96
97,V_6-97
98,V_6-98
99,V_6-99
100,V_6-100
101,V_6-101
102,V_6-102
103,V_6-103
104,V_6-104
105,V_6-105
106,V_6-106
107,V_6-107
108,V_6-108
109,V_6-109
110,V_6-110
111,V_6-111
112,V_6-112
113,V_6-113
114,V_6-114
115,V_6-115
116,V_6-116
117,V_6-117
118,V_6-118
119,V_6-119
120,V_6-120
121,V_6-121
122,V_6-122
123,V_6-123
124,V_6-124
125,V_6-125
126,V_6-126
127,V_6-127
128,V_6-128
129,V_6-129
130,V_6-130
131,V_6-131
132,V_6-132
133,V_6-133
134,V_6-134
135,V_6-135
136,V_6-136
137,V_6-137
138,V_6-138
139,V_6-139
140,V_6-140
141,V_6-141
142,V_6-142
143,V_6-143
144,V_6-144
145,V_6-145
146,V_6-146
147,V_6-147
148,V_6-148
149,V_6-149
150,V_6-150
151,V_6-151
152,V_6-152
153,V_6-153
154,V_6-154
155,V_6-155
156,V_6-156
157,V_6-157
158,V_6-158
159,V_6-159
160,V_6-160
161,V_6-161
162,V_6-162
163,V_6-163
164,V_6-164
165,V_6-165
166,V_6-166
167,V_6-167
168,V_6-168
169,V_6-169
170,V_6-170
171,V_6-171
172,V_6-172
173,V_6-173
174,V_6-174
175,V_6-175
176,V_6-176
177,V_6-177
178,V_6-178
179,V_6-179
180,V_6-180
181,V_6-181
182,V_6-182
183,V_6-183
184,V_6-184
185,V_6-185
186,V_6-186
187,V_6-187
188,V_6-188
189,V_6-189
190,V_6-190
191,V_6-191
192,V_6-192
193,V_6-193
194,V_6-194
195,V_6-195
196,V_6-196
197,V_6-197
198,V_6-198
199,V_6-199
200,V_6-200
201,V_6-201
202,V_6-202
203,V_6-203
204,V_6-204
205,V_6-205
206,V_6-206
207,V_6-207
208,V_6-208
209,V_6-209
210,V_6-210
211,V_6-211
212,V_6-212
213,V_6-213
214,V_6-214
215,V_6-215
216,V_6-216
217,V_6-217
218,V_6-218
219,V_6-219
220,V_6-220
221,V_6-221
222,V_6-222
223,V_6-223
224,V_6-224
225,V_6-225
226,V_6-226
227,V_6-227
228,V_6-228
229,V_6-229
230,V_6-230
231,V_6-231
232,V_6-232
233,V_6-233
234,V_6-234
235,V_6-235
236,V_6-236
237,V_6-237
238,V_6-238
239,V_6-239
240,V_6-240
241,V_6-241
242,V_6-242
243,V_6-243
244,V_6-244
245,V_6-245
246,V_6-246
247,V_6-247
248,V_6-248
249,V_6-249
250,V_6-250
251,V_6-251
252,V_6-252
253,V_6-253
254,V_6-254
255,V_6-255
256,V_6-256
257,V_6-257
258,V_6-258
259,V_6-259
260,V_6-260
261,V_6-261
262,V_6-262
263,V_6-263
264,V_6-264
265,V_6-265
266,V_6-266
267,V_6-267
268,V_6-268
269,V_6-269
270,V_6-270
271,V_6-271
272,V_6-272
273,V_6-273
274,V_6-274
275,V_6-275
276,V_6-276
277,V_6-277
278,V_6-278
279,V_6-279
280,V_6-280
281,V_6-281
282,V_6-282
283,V_6-283
284,V_6-284
285,V_6-285
286,V_6-286
287,V_6-287
288,V_6-288
289,V_6-289
290,V_6-290
291,V_6-291
292,V_6-292
293,V_6-293
294,V_6-294
295,V_6-295
296,V_6-296
297,V_6-297
298,V_6-298
299,V_6-299
300,V_6-300
301,V_6-301
302,V_6-302
303,V_6-303
304,V_6-304
305,V_6-305
306,V_6-306
307,V_6-307
308,V_6-308
309,V_6-309
310,V_6-310
311,V_6-311
312,V_6-312
313,V_6-313
314,V_6-314
315,V_6-315
316,V_6-316
317,V_6-317
318,V_6-318
319,V_6-319
320,V_6-320
321,V_6-321
322,V_6-322
323,V_6-323
324,V_6-324
325,V_6-325
326,V_6-326
327,V_6-327
328,V_6-328
329,V_6-329
330,V_6-330
331,V_6-331
332,V_6-332
333,V_6-333
334,V_6-334
335,V_6-335
336,V_6-336
337,V_6-337
338,V_6-338
339,V_6-339
340,V_6-340
341,V_6-341
342,V_6-342
343,V_6-343
344,V_6-344
345,V_6-345
346,V_6-346
347,V_6-347
348,V_6-348
349,V_6-349
350,V_6-350
351,V_6-351
352,V_6-352
353,V_6-353
354,V_6-354
355,V_6-355
356,V_6-356
357,V_6-357
358,V_6-358
359,V_6-359
360,V_6-360
361,V_6-361
362,V_6-362
363,V_6-363
364,V_6-364
365,V_6-365
366,V_6-366
367,V_6-367
368,V_6-368
369,V_6-369
370,V_6-370
371,V_6-371
372,V_6-372
373,V_6-373
374,V_6-374
375,V_6-375
376,V_6-376
377,V_6-377
378,V_6-378
379,V_6-379
380,V_6-380
381,V_6-381
382,V_6-382
383,V_6-383
384,V_6-384
385,V_6-385
386,V_6-386
387,V_6-387
388,V_6-388
389,V_6-389
390,V_6-390
391,V_6-391
392,V_6-392
393,V_6-393
394,V_6-394
395,V_6-395
396,V_6-396
397,V_6-397
398,V_6-398
399,V_6-399
400,V_6-400
401,V_6-401
402,V_6-402
403,V_6-403
404,V_6-404
405,V_6-405
406,V_6-406
407,V_6-407
408,V_6-408
409,V_6-409
410,V_6-410
411,V_6-411
412,V_6-412
413,V_6-413
414,V_6-414
415,V_6-415
416,V_6-416
417,V_6-417
418,V_6-418
419,V_6-419
420,V_6-420
421,V_6-421
422,V_6-422
423,V_6-423
424,V_6-424
425,V_6-425
426,V_6-426
427,V_6-427
428,V_6-428
429,V_6-429
430,V_6-430
431,V_6-431
432,V_6-432
433,V_6-433
434,V_6-434
435,V_6-435
436,V_6-436
437,V_6-437
438,V_6-438
439,V_6-439
440,V_6-440
441,V_6-441
442,V_6-442
443,V_6-443
444,V_6-444
445,V_6-445
446,V_6-446
447,V_6-447
448,V_6-448
449,V_6-449
450,V_6-450
451,V_6-451
452,V_6-452
453,V_6-453
454,V_6-454
455,V_6-455
456,V_6-456
457,V_6-457
458,V_6-458
459,V_6-459
460,V_6-460
461,V_6-461
462,V_6-462
463,V_6-463
464,V_6-464
465,V_6-465
466,V_6-466
467,V_6-467
468,V_6-468
469,V_6-469
470,V_6-470
471,V_6-471
472,V_6-472
473,V_6-473
474,V_6-474
475,V_6-475
476,V_6-476
477,V_6-477
478,V_6-478
479,V_6-479
480,V_6-480
481,V_6-481
482,V_6-482
483,V_6-483
484,V_6-484
485,V_6-485
486,V_6-486
487,V_6-487
488,V_6-488
489,V_6-489
490,V_6-490
491,V_6-491
492,V_6-492
493,V_6-493
494,V_6-494
495,V_6-495
496,V_6-496
497,V_6-497
498,V_6-498
499,V_6-499
500,V_6-500
501,V_6-501
502,V_6-502
503,V_6-503
504,V_6-504
505,V_6-505
506,V_6-506
507,V_6-507
508,V_6-508
509,V_6-509
510,V_6-510
511,V_6-511
512,V_6-512
513,V_6-513
514,V_6-514
515,V_6-515
516,V_6-516
517,V_6-517
518,V_6-518
519,V_6-519
520,V_6-520
521,V_6-521
522,V_6-522
523,V_6-523
524,V_6-524
525,V_6-525
526,V_6-526
527,V_6-527
528,V_6-528
529,V_6-529
530,V_6-530
531,V_6-531
532,V_6-532
533,V_6-533
534,V_6-534
535,V_6-535
536,V_6-536
537,V_6-537
538,V_6-538
539,V_6-539
540,V_6-540
541,V_6-541
542,V_6-542
543,V_6-543
544,V_6-544
545,V_6-545
546,V_6-546
547,V_6-547
548,V_6-548
549,V_6-549
550,V_6-550
551,V_6-551
552,V_6-552
553,V_6-553
554,V_6-554
555,V_6-555
556,V_6-556
557,V_6-557
558,V_6-558
559,V_6-559
560,V_6-560
561,V_6-561
562,V_6-562
563,V_6-563
564,V_6-564
565,V_6-565
566,V_6-566
567,V_6-567
568,V_6-568
569,V_6-569
570,V_6-570
571,V_6-571
572,V_6-572
573,V_6-573
574,V_6-574
575,V_6-575
576,V_6-576
577,V_6-577
578,V_6-578
579,V_6-579
580,V_6-580
581,V_6-581
582,V_6-582
583,V_6-583
584,V_6-584
585,V_6-585
586,V_6-586
587,V_6-587
588,V_6-588
589,V_6-589
590,V_6-590
591,V_6-591
592,V_6-592
593,V_6-593
594,V_6-594
595,V_6-595
596,V_6-596
597,V_6-597
598,V_6-598
599,V_6-599
600,V_6-600
601,V_6-601
602,V_6-602
603,V_6-603
604,V_6-604
605,V_6-605
606,V_6-606
607,V_6-607
608,V_6-608
609,V_6-609
610,V_6-610
611,V_6-611
612,V_6-612
613,V_6-613
614,V_6-614
615,V_6-615
616,V_6-616
617,V_6-617
618,V_6-618
619,V_6-619
620,V_6-620
621,V_6-621
622,V_6-622
623,V_6-623
624,V_6-624
625,V_6-625
626,V_6-626
627,V_6-627
628,V_6-628
629,V_6-629
630,V_6-630
631,V_6-631
632,V_6-632
633,V_6-633
634,V_6-634
635,V_6-635
636,V_6-636
637,V_6-637
638,V_6-638
639,V_6-639
640,V_6-640
641,V_6-641
642,V_6-642
643,V_6-643
644,V_6-644
645,V_6-645
646,V_6-646
647,V_6-647
648,V_6-648
649,V_6-649
650,V_6-650
651,V_6-651
652,V_6-652
653,V_6-653
654,V_6-654
655,V_6-655
656,V_6-656
657,V_6-657
658,V_6-658
659,V_6-659
660,V_6-660
661,V_6-661
662,V_6-662
663,V_6-663
664,V_6-664
665,V_6-665
666,V_6-666
667,V_6-667
668,V_6-668
669,V_6-669
670,V_6-670
671,V_6-671
672,V_6-672
673,V_6-673
674,V_6-674
675,V_6-675
676,V_6-676
677,V_6-677
678,V_6-678
679,V_6-679
680,V_6-680
681,V_6-681
682,V_6-682
683,V_6-683
684,V_6-684
685,V_6-685
686,V_6-686
687,V_6-687
688,V_6-688
689,V_6-689
690,V_6-690
691,V_6-691
692,V_6-692
693,V_6-693
694,V_6-694
695,V_6-695
696,V_6-696
697,V_6-697
698,V_6-698
699,V_6-699
700,V_6-700
701,V_6-701
702,V_6-702
703,V_6-703
704,V_6-704
705,V_6-705
706,V_6-706
707,V_6-707
708,V_6-708
709,V_6-709
710,V_6-710
711,V_6-711
712,V_6-712
713,V_6-713
714,V_6-714
715,V_6-715
716,V_6-716
717,V_6-717
718,V_6-718
719,V_6-719
720,V_6-720
721,V_6-721
722,V_6-722
723,V_6-723
724,V_6-724
725,V_6-725
726,V_6-726
727,V_6-727
728,V_6-728
729,V_6-729
730,V_6-730
731,V_6-731
732,V_6-732
733,V_6-733
734,V_6-734
735,V_6-735
736,V_6-736
737,V_6-737
738,V_6-738
739,V_6-739
740,V_6-740
741,V_6-741
742,V_6-742
743,V_6-743
744,V_6-744
745,V_6-745
746,V_6-746
747,V_6-747
748,V_6-748
749,V_6-749
750,V_6-750
751,V_6-751
752,V_6-752
753,V_6-753
754,V_6-754
755,V_6-755
756,V_6-756
757,V_6-757
758,V_6-758
759,V_6-759
760,V_6-760
761,V_6-761
762,V_6-762
763,V_6-763
764,V_6-764
765,V_6-765
766,V_6-766
767,V_6-767
768,V_6-768
769,V_6-769
770,V_6-770
771,V_6-771
772,V_6-772
773,V_6-773
774,V_6-774
775,V_6-775
776,V_6-776
777,V_6-777
778,V_6-778
779,V_6-779
780,V_6-780
781,V_6-781
782,V_6-782
783,V_6-783
784,V_6-784
785,V_6-785
786,V_6-786
787,V_6-787
788,V_6-788
789,V_6-789
790,V_6-790
791,V_6-791
792,V_6-792
793,V_6-793
794,V_6-794
795,V_6-795
796,V_6-796
797,V_6-797
798,V_6-798
799,V_6-799
800,V_6-800
801,V_6-801
802,V_6-802
803,V_6-803
804,V_6-804
805,V_6-805
806,V_6-806
807,V_6-807
808,V_6-808
809,V_6-809
810,V_6-810
811,V_6-811
812,V_6-812
813,V_6-813
814,V_6-814
815,V_6-815
816,V_6-816
817,V_6-817
818,V_6-818
819,V_6-819
820,V_6-820
821,V_6-821
822,V_6-822
823,V_6-823
824,V_6-824
825,V_6-825
826,V_6-826
827,V_6-827
828,V_6-828
829,V_6-829
830,V_6-830
831,V_6-831
832,V_6-832
833,V_6-833
834,V_6-834
835,V_6-835
836,V_6-836
837,V_6-837
838,V_6-838
839,V_6-839
840,V_6-840
841,V_6-841
842,V_6-842
843,V_6-843
844,V_6-844
845,V_6-845
846,V_6-846
847,V_6-847
848,V_6-848
849,V_6-849
850,V_6-850
851,V_6-851
852,V_6-852
853,V_6-853
854,V_6-854
855,V_6-855
856,V_6-856
857,V_6-857
858,V_6-858
859,V_6-859
860,V_6-860
861,V_6-861
862,V_6-862
863,V_6-863
864,V_6-864
865,V_6-865
866,V_6-866
867,V_6-867
868,V_6-868
869,V_6-869
870,V_6-870
871,V_6-871
872,V_6-872
873,V_6-873
874,V_6-874
875,V_6-875
876,V_6-876
877,V_6-877
878,V_6-878
879,V_6-879
880,V_6-880
881,V_6-881
882,V_6-882
883,V_6-883
884,V_6-884
885,V_6-885
886,V_6-886
887,V_6-887
888,V_6-888
889,V_6-889
890,V_6-890
891,V_6-891
892,V_6-892
893,V_6-893
894,V_6-894
895,V_6-895
896,V_6-896
897,V_6-897
898,V_6-898
899,V_6-899
900,V_6-900
901,V_6-901
902,V_6-902
903,V_6-903
904,V_6-904
905,V_6-905
906,V_6-906
907,V_6-907
908,V_6-908
909,V_6-909
910,V_6-910
911,V_6-911
912,V_6-912
913,V_6-913
914,V_6-914
915,V_6-915
916,V_6-916
917,V_6-917
918,V_6-918
919,V_6-919
920,V_6-920
921,V_6-921
922,V_6-922
923,V_6-923
924,V_6-924
925,V_6-925
926,V_6-926
927,V_6-927
928,V_6-928
929,V_6-929
930,V_6-930
931,V_6-931
932,V_6-932
933,V_6-933
934,V_6-934
935,V_6-935
936,V_6-936
937,V_6-937
938,V_6-938
939,V_6-939
940,V_6-940
941,V_6-941
942,V_6-942
943,V_6-943
944,V_6-944
945,V_6-945
946,V_6-946
947,V_6-947
948,V_6-948
949,V_6-949
950,V_6-950
951,V_6-951
952,V_6-952
953,V_6-953
954,V_6-954
955,V_6-955
956,V_6-956
957,V_6-957
958,V_6-958
959,V_6-959
960,V_6-960
961,V_6-961
962,V_6-962
963,V_6-963
964,V_6-964
965,V_6-965
966,V_6-966
967,V_6-967
968,V_6-968
969,V_6-969
970,V_6-970
971,V_6-971
972,V_6-972
973,V_6-973
974,V_6-974
975,V_6-975
976,V_6-976
977,V_6-977
978,V_6-978
979,V_6-979
980,V_6-980
981,V_6-981
982,V_6-982
983,V_6-983
984,V_6-984
985,V_6-985
986,V_6-986
987,V_6-987
988,V_6-988
989,V_6-989
990,V_6-990
991,V_6-991
992,V_6-992
993,V_6-993
994,V_6-994
995,V_6-995
996,V_6-996
997,V_6-997
998,V_6-998
999,V_6-999
1000,V_6-1000
