ID,P06,P07
1,V_6-1,V_7-1
2,V_6-2,V_7-2
3,V_6-3,V_7-3
4,V_6-4,V_7-4
5,V_6-5,V_7-5
6,V_6-6,V_7-6
7,V_6-7,V_7-7
8,V_6-8,V_7-8
9,V_6-9,V_7-9
10,V_6-10,V_7-10
11,V_6-11,V_7-11
12,V_6-12,V_7-12
13,V_6-13,V_7-13
14,V_6-14,V_7-14
15,V_6-15,V_7-15
16,V_6-16,V_7-16
17,V_6-17,V_7-17
18,V_6-18,V_7-18
19,V_6-19,V_7-19
20,V_6-20,V_7-20
21,V_6-21,V_7-21
22,V_6-22,V_7-22
23,V_6-23,V_7-23
24,V_6-24,V_7-24
25,V_6-25,V_7-25
26,V_6-26,V_7-26
27,V_6-27,V_7-27
28,V_6-28,V_7-28
29,V_6-29,V_7-29
30,V_6-30,V_7-30
31,V_6-31,V_7-31
32,V_6-32,V_7-32
33,V_6-33,V_7-33
34,V_6-34,V_7-34
35,V_6-35,V_7-35
36,V_6-36,V_7-36
37,V_6-37,V_7-37
38,V_6-38,V_7-38
39,V_6-39,V_7-39
40,V_6-40,V_7-40
41,V_6-41,V_7-41
42,V_6-42,V_7-42
43,V_6-43,V_7-43
44,V_6-44,V_7-44
45,V_6-45,V_7-45
46,V_6-46,V_7-46
47,V_6-47,V_7-47
48,V_6-48,V_7-48
49,V_6-49,V_7-49
50,V_6-50,V_7-50
51,V_6-51,V_7-51
52,V_6-52,V_7-52
53,V_6-53,V_7-53
54,V_6-54,V_7-54
55,V_6-55,V_7-55
56,V_6-56,V_7-56
57,V_6-57,V_7-57
58,V_6-58,V_7-58
59,V_6-59,V_7-59
60,V_6-60,V_7-60
61,V_6-61,V_7-61
62,V_6-62,V_7-62
63,V_6-63,V_7-63
64,V_6-64,V_7-64
65,V_6-65,V_7-65
66,V_6-66,V_7-66
67,V_6-67,V_7-67
68,V_6-68,V_7-68
69,V_6-69,V_7-69
70,V_6-70,V_7-70
71,V_6-71,V_7-71
72,V_6-72,V_7-72
73,V_6-73,V_7-73
74,V_6-74,V_7-74
75,V_6-75,V_7-75
76,V_6-76,V_7-76
77,V_6-77,V_7-77
78,V_6-78,V_7-78
79,V_6-79,V_7-79
80,V_6-80,V_7-80
81,V_6-81,V_7-81
82,V_6-82,V_7-82
83,V_6-83,V_7-83
84,V_6-84,V_7-84
85,V_6-85,V_7-85
86,V_6-86,V_7-86
87,V_6-87,V_7-87
88,V_6-88,V_7-88
89,V_6-89,V_7-89
90,V_6-90,V_7-90
91,V_6-91,V_7-91
92,V_6-92,V_7-92
93,V_6-93,V_7-93
94,V_6-94,V_7-94
95,V_6-95,V_7-95
96,V_6-96,V_7-96
97,V_6-97,V_7-97
98,V_6-98,V_7-98
99,V_6-99,V_7-99
100,V_6-100,V_7-100
101,V_6-101,V_7-101
102,V_6-102,V_7-102
103,V_6-103,V_7-103
104,V_6-104,V_7-104
105,V_6-105,V_7-105
106,V_6-106,V_7-106
107,V_6-107,V_7-107
108,V_6-108,V_7-108
109,V_6-109,V_7-109
110,V_6-110,V_7-110
111,V_6-111,V_7-111
112,V_6-112,V_7-112
113,V_6-113,V_7-113
114,V_6-114,V_7-114
115,V_6-115,V_7-115
116,V_6-116,V_7-116
117,V_6-117,V_7-117
118,V_6-118,V_7-118
119,V_6-119,V_7-119
120,V_6-120,V_7-120
121,V_6-121,V_7-121
122,V_6-122,V_7-122
123,V_6-123,V_7-123
124,V_6-124,V_7-124
125,V_6-125,V_7-125
126,V_6-126,V_7-126
127,V_6-127,V_7-127
128,V_6-128,V_7-128
129,V_6-129,V_7-129
130,V_6-130,V_7-130
131,V_6-131,V_7-131
132,V_6-132,V_7-132
133,V_6-133,V_7-133
134,V_6-134,V_7-134
135,V_6-135,V_7-135
136,V_6-136,V_7-136
137,V_6-137,V_7-137
138,V_6-138,V_7-138
139,V_6-139,V_7-139
140,V_6-140,V_7-140
141,V_6-141,V_7-141
142,V_6-142,V_7-142
143,V_6-143,V_7-143
144,V_6-144,V_7-144
145,V_6-145,V_7-145
146,V_6-146,V_7-146
147,V_6-147,V_7-147
148,V_6-148,V_7-148
149,V_6-149,V_7-149
150,V_6-150,V_7-150
151,V_6-151,V_7-151
152,V_6-152,V_7-152
153,V_6-153,V_7-153
154,V_6-154,V_7-154
155,V_6-155,V_7-155
156,V_6-156,V_7-156
157,V_6-157,V_7-157
158,V_6-158,V_7-158
159,V_6-159,V_7-159
160,V_6-160,V_7-160
161,V_6-161,V_7-161
162,V_6-162,V_7-162
163,V_6-163,V_7-163
164,V_6-164,V_7-164
165,V_6-165,V_7-165
166,V_6-166,V_7-166
167,V_6-167,V_7-167
168,V_6-168,V_7-168
169,V_6-169,V_7-169
170,V_6-170,V_7-170
171,V_6-171,V_7-171
172,V_6-172,V_7-172
173,V_6-173,V_7-173
174,V_6-174,V_7-174
175,V_6-175,V_7-175
176,V_6-176,V_7-176
177,V_6-177,V_7-177
178,V_6-178,V_7-178
179,V_6-179,V_7-179
180,V_6-180,V_7-180
181,V_6-181,V_7-181
182,V_6-182,V_7-182
183,V_6-183,V_7-183
184,V_6-184,V_7-184
185,V_6-185,V_7-185
186,V_6-186,V_7-186
187,V_6-187,V_7-187
188,V_6-188,V_7-188
189,V_6-189,V_7-189
190,V_6-190,V_7-190
191,V_6-191,V_7-191
192,V_6-192,V_7-192
193,V_6-193,V_7-193
194,V_6-194,V_7-194
195,V_6-195,V_7-195
196,V_6-196,V_7-196
197,V_6-197,V_7-197
198,V_6-198,V_7-198
199,V_6-199,V_7-199
200,V_6-200,V_7-200
201,V_6-201,V_7-201
202,V_6-202,V_7-202
203,V_6-203,V_7-203
204,V_6-204,V_7-204
205,V_6-205,V_7-205
206,V_6-206,V_7-206
207,V_6-207,V_7-207
208,V_6-208,V_7-208
209,V_6-209,V_7-209
210,V_6-210,V_7-210
211,V_6-211,V_7-211
212,V_6-212,V_7-212
213,V_6-213,V_7-213
214,V_6-214,V_7-214
215,V_6-215,V_7-215
216,V_6-216,V_7-216
217,V_6-217,V_7-217
218,V_6-218,V_7-218
219,V_6-219,V_7-219
220,V_6-220,V_7-220
221,V_6-221,V_7-221
222,V_6-222,V_7-222
223,V_6-223,V_7-223
224,V_6-224,V_7-224
225,V_6-225,V_7-225
226,V_6-226,V_7-226
227,V_6-227,V_7-227
228,V_6-228,V_7-228
229,V_6-229,V_7-229
230,V_6-230,V_7-230
231,V_6-231,V_7-231
232,V_6-232,V_7-232
233,V_6-233,V_7-233
234,V_6-234,V_7-234
235,V_6-235,V_7-235
236,V_6-236,V_7-236
237,V_6-237,V_7-237
238,V_6-238,V_7-238
239,V_6-239,V_7-239
240,V_6-240,V_7-240
241,V_6-241,V_7-241
242,V_6-242,V_7-242
243,V_6-243,V_7-243
244,V_6-244,V_7-244
245,V_6-245,V_7-245
246,V_6-246,V_7-246
247,V_6-247,V_7-247
248,V_6-248,V_7-248
249,V_6-249,V_7-249
250,V_6-250,V_7-250
251,V_6-251,V_7-251
252,V_6-252,V_7-252
253,V_6-253,V_7-253
254,V_6-254,V_7-254
255,V_6-255,V_7-255
256,V_6-256,V_7-256
257,V_6-257,V_7-257
258,V_6-258,V_7-258
259,V_6-259,V_7-259
260,V_6-260,V_7-260
261,V_6-261,V_7-261
262,V_6-262,V_7-262
263,V_6-263,V_7-263
264,V_6-264,V_7-264
265,V_6-265,V_7-265
266,V_6-266,V_7-266
267,V_6-267,V_7-267
268,V_6-268,V_7-268
269,V_6-269,V_7-269
270,V_6-270,V_7-270
271,V_6-271,V_7-271
272,V_6-272,V_7-272
273,V_6-273,V_7-273
274,V_6-274,V_7-274
275,V_6-275,V_7-275
276,V_6-276,V_7-276
277,V_6-277,V_7-277
278,V_6-278,V_7-278
279,V_6-279,V_7-279
280,V_6-280,V_7-280
281,V_6-281,V_7-281
282,V_6-282,V_7-282
283,V_6-283,V_7-283
284,V_6-284,V_7-284
285,V_6-285,V_7-285
286,V_6-286,V_7-286
287,V_6-287,V_7-287
288,V_6-288,V_7-288
289,V_6-289,V_7-289
290,V_6-290,V_7-290
291,V_6-291,V_7-291
292,V_6-292,V_7-292
293,V_6-293,V_7-293
294,V_6-294,V_7-294
295,V_6-295,V_7-295
296,V_6-296,V_7-296
297,V_6-297,V_7-297
298,V_6-298,V_7-298
299,V_6-299,V_7-299
300,V_6-300,V_7-300
301,V_6-301,V_7-301
302,V_6-302,V_7-302
303,V_6-303,V_7-303
304,V_6-304,V_7-304
305,V_6-305,V_7-305
306,V_6-306,V_7-306
307,V_6-307,V_7-307
308,V_6-308,V_7-308
309,V_6-309,V_7-309
310,V_6-310,V_7-310
311,V_6-311,V_7-311
312,V_6-312,V_7-312
313,V_6-313,V_7-313
314,V_6-314,V_7-314
315,V_6-315,V_7-315
316,V_6-316,V_7-316
317,V_6-317,V_7-317
318,V_6-318,V_7-318
319,V_6-319,V_7-319
320,V_6-320,V_7-320
321,V_6-321,V_7-321
322,V_6-322,V_7-322
323,V_6-323,V_7-323
324,V_6-324,V_7-324
325,V_6-325,V_7-325
326,V_6-326,V_7-326
327,V_6-327,V_7-327
328,V_6-328,V_7-328
329,V_6-329,V_7-329
330,V_6-330,V_7-330
331,V_6-331,V_7-331
332,V_6-332,V_7-332
333,V_6-333,V_7-333
334,V_6-334,V_7-334
335,V_6-335,V_7-335
336,V_6-336,V_7-336
337,V_6-337,V_7-337
338,V_6-338,V_7-338
339,V_6-339,V_7-339
340,V_6-340,V_7-340
341,V_6-341,V_7-341
342,V_6-342,V_7-342
343,V_6-343,V_7-343
344,V_6-344,V_7-344
345,V_6-345,V_7-345
346,V_6-346,V_7-346
347,V_6-347,V_7-347
348,V_6-348,V_7-348
349,V_6-349,V_7-349
350,V_6-350,V_7-350
351,V_6-351,V_7-351
352,V_6-352,V_7-352
353,V_6-353,V_7-353
354,V_6-354,V_7-354
355,V_6-355,V_7-355
356,V_6-356,V_7-356
357,V_6-357,V_7-357
358,V_6-358,V_7-358
359,V_6-359,V_7-359
360,V_6-360,V_7-360
361,V_6-361,V_7-361
362,V_6-362,V_7-362
363,V_6-363,V_7-363
364,V_6-364,V_7-364
365,V_6-365,V_7-365
366,V_6-366,V_7-366
367,V_6-367,V_7-367
368,V_6-368,V_7-368
369,V_6-369,V_7-369
370,V_6-370,V_7-370
371,V_6-371,V_7-371
372,V_6-372,V_7-372
373,V_6-373,V_7-373
374,V_6-374,V_7-374
375,V_6-375,V_7-375
376,V_6-376,V_7-376
377,V_6-377,V_7-377
378,V_6-378,V_7-378
379,V_6-379,V_7-379
380,V_6-380,V_7-380
381,V_6-381,V_7-381
382,V_6-382,V_7-382
383,V_6-383,V_7-383
384,V_6-384,V_7-384
385,V_6-385,V_7-385
386,V_6-386,V_7-386
387,V_6-387,V_7-387
388,V_6-388,V_7-388
389,V_6-389,V_7-389
390,V_6-390,V_7-390
391,V_6-391,V_7-391
392,V_6-392,V_7-392
393,V_6-393,V_7-393
394,V_6-394,V_7-394
395,V_6-395,V_7-395
396,V_6-396,V_7-396
397,V_6-397,V_7-397
398,V_6-398,V_7-398
399,V_6-399,V_7-399
400,V_6-400,V_7-400
401,V_6-401,V_7-401
402,V_6-402,V_7-402
403,V_6-403,V_7-403
404,V_6-404,V_7-404
405,V_6-405,V_7-405
406,V_6-406,V_7-406
407,V_6-407,V_7-407
408,V_6-408,V_7-408
409,V_6-409,V_7-409
410,V_6-410,V_7-410
411,V_6-411,V_7-411
412,V_6-412,V_7-412
413,V_6-413,V_7-413
414,V_6-414,V_7-414
415,V_6-415,V_7-415
416,V_6-416,V_7-416
417,V_6-417,V_7-417
418,V_6-418,V_7-418
419,V_6-419,V_7-419
420,V_6-420,V_7-420
421,V_6-421,V_7-421
422,V_6-422,V_7-422
423,V_6-423,V_7-423
424,V_6-424,V_7-424
425,V_6-425,V_7-425
426,V_6-426,V_7-426
427,V_6-427,V_7-427
428,V_6-428,V_7-428
429,V_6-429,V_7-429
430,V_6-430,V_7-430
431,V_6-431,V_7-431
432,V_6-432,V_7-432
433,V_6-433,V_7-433
434,V_6-434,V_7-434
435,V_6-435,V_7-435
436,V_6-436,V_7-436
437,V_6-437,V_7-437
438,V_6-438,V_7-438
439,V_6-439,V_7-439
440,V_6-440,V_7-440
441,V_6-441,V_7-441
442,V_6-442,V_7-442
443,V_6-443,V_7-443
444,V_6-444,V_7-444
445,V_6-445,V_7-445
446,V_6-446,V_7-446
447,V_6-447,V_7-447
448,V_6-448,V_7-448
449,V_6-449,V_7-449
450,V_6-450,V_7-450
451,V_6-451,V_7-451
452,V_6-452,V_7-452
453,V_6-453,V_7-453
454,V_6-454,V_7-454
455,V_6-455,V_7-455
456,V_6-456,V_7-456
457,V_6-457,V_7-457
458,V_6-458,V_7-458
459,V_6-459,V_7-459
460,V_6-460,V_7-460
461,V_6-461,V_7-461
462,V_6-462,V_7-462
463,V_6-463,V_7-463
464,V_6-464,V_7-464
465,V_6-465,V_7-465
466,V_6-466,V_7-466
467,V_6-467,V_7-467
468,V_6-468,V_7-468
469,V_6-469,V_7-469
470,V_6-470,V_7-470
471,V_6-471,V_7-471
472,V_6-472,V_7-472
473,V_6-473,V_7-473
474,V_6-474,V_7-474
475,V_6-475,V_7-475
476,V_6-476,V_7-476
477,V_6-477,V_7-477
478,V_6-478,V_7-478
479,V_6-479,V_7-479
480,V_6-480,V_7-480
481,V_6-481,V_7-481
482,V_6-482,V_7-482
483,V_6-483,V_7-483
484,V_6-484,V_7-484
485,V_6-485,V_7-485
486,V_6-486,V_7-486
487,V_6-487,V_7-487
488,V_6-488,V_7-488
489,V_6-489,V_7-489
490,V_6-490,V_7-490
491,V_6-491,V_7-491
492,V_6-492,V_7-492
493,V_6-493,V_7-493
494,V_6-494,V_7-494
495,V_6-495,V_7-495
496,V_6-496,V_7-496
497,V_6-497,V_7-497
498,V_6-498,V_7-498
499,V_6-499,V_7-499
500,V_6-500,V_7-500
501,V_6-501,V_7-501
502,V_6-502,V_7-502
503,V_6-503,V_7-503
504,V_6-504,V_7-504
505,V_6-505,V_7-505
506,V_6-506,V_7-506
507,V_6-507,V_7-507
508,V_6-508,V_7-508
509,V_6-509,V_7-509
510,V_6-510,V_7-510
511,V_6-511,V_7-511
512,V_6-512,V_7-512
513,V_6-513,V_7-513
514,V_6-514,V_7-514
515,V_6-515,V_7-515
516,V_6-516,V_7-516
517,V_6-517,V_7-517
518,V_6-518,V_7-518
519,V_6-519,V_7-519
520,V_6-520,V_7-520
521,V_6-521,V_7-521
522,V_6-522,V_7-522
523,V_6-523,V_7-523
524,V_6-524,V_7-524
525,V_6-525,V_7-525
526,V_6-526,V_7-526
527,V_6-527,V_7-527
528,V_6-528,V_7-528
529,V_6-529,V_7-529
530,V_6-530,V_7-530
531,V_6-531,V_7-531
532,V_6-532,V_7-532
533,V_6-533,V_7-533
534,V_6-534,V_7-534
535,V_6-535,V_7-535
536,V_6-536,V_7-536
537,V_6-537,V_7-537
538,V_6-538,V_7-538
539,V_6-539,V_7-539
540,V_6-540,V_7-540
541,V_6-541,V_7-541
542,V_6-542,V_7-542
543,V_6-543,V_7-543
544,V_6-544,V_7-544
545,V_6-545,V_7-545
546,V_6-546,V_7-546
547,V_6-547,V_7-547
548,V_6-548,V_7-548
549,V_6-549,V_7-549
550,V_6-550,V_7-550
551,V_6-551,V_7-551
552,V_6-552,V_7-552
553,V_6-553,V_7-553
554,V_6-554,V_7-554
555,V_6-555,V_7-555
556,V_6-556,V_7-556
557,V_6-557,V_7-557
558,V_6-558,V_7-558
559,V_6-559,V_7-559
560,V_6-560,V_7-560
561,V_6-561,V_7-561
562,V_6-562,V_7-562
563,V_6-563,V_7-563
564,V_6-564,V_7-564
565,V_6-565,V_7-565
566,V_6-566,V_7-566
567,V_6-567,V_7-567
568,V_6-568,V_7-568
569,V_6-569,V_7-569
570,V_6-570,V_7-570
571,V_6-571,V_7-571
572,V_6-572,V_7-572
573,V_6-573,V_7-573
574,V_6-574,V_7-574
575,V_6-575,V_7-575
576,V_6-576,V_7-576
577,V_6-577,V_7-577
578,V_6-578,V_7-578
579,V_6-579,V_7-579
580,V_6-580,V_7-580
581,V_6-581,V_7-581
582,V_6-582,V_7-582
583,V_6-583,V_7-583
584,V_6-584,V_7-584
585,V_6-585,V_7-585
586,V_6-586,V_7-586
587,V_6-587,V_7-587
588,V_6-588,V_7-588
589,V_6-589,V_7-589
590,V_6-590,V_7-590
591,V_6-591,V_7-591
592,V_6-592,V_7-592
593,V_6-593,V_7-593
594,V_6-594,V_7-594
595,V_6-595,V_7-595
596,V_6-596,V_7-596
597,V_6-597,V_7-597
598,V_6-598,V_7-598
599,V_6-599,V_7-599
600,V_6-600,V_7-600
601,V_6-601,V_7-601
602,V_6-602,V_7-602
603,V_6-603,V_7-603
604,V_6-604,V_7-604
605,V_6-605,V_7-605
606,V_6-606,V_7-606
607,V_6-607,V_7-607
608,V_6-608,V_7-608
609,V_6-609,V_7-609
610,V_6-610,V_7-610
611,V_6-611,V_7-611
612,V_6-612,V_7-612
613,V_6-613,V_7-613
614,V_6-614,V_7-614
615,V_6-615,V_7-615
616,V_6-616,V_7-616
617,V_6-617,V_7-617
618,V_6-618,V_7-618
619,V_6-619,V_7-619
620,V_6-620,V_7-620
621,V_6-621,V_7-621
622,V_6-622,V_7-622
623,V_6-623,V_7-623
624,V_6-624,V_7-624
625,V_6-625,V_7-625
626,V_6-626,V_7-626
627,V_6-627,V_7-627
628,V_6-628,V_7-628
629,V_6-629,V_7-629
630,V_6-630,V_7-630
631,V_6-631,V_7-631
632,V_6-632,V_7-632
633,V_6-633,V_7-633
634,V_6-634,V_7-634
635,V_6-635,V_7-635
636,V_6-636,V_7-636
637,V_6-637,V_7-637
638,V_6-638,V_7-638
639,V_6-639,V_7-639
640,V_6-640,V_7-640
641,V_6-641,V_7-641
642,V_6-642,V_7-642
643,V_6-643,V_7-643
644,V_6-644,V_7-644
645,V_6-645,V_7-645
646,V_6-646,V_7-646
647,V_6-647,V_7-647
648,V_6-648,V_7-648
649,V_6-649,V_7-649
650,V_6-650,V_7-650
651,V_6-651,V_7-651
652,V_6-652,V_7-652
653,V_6-653,V_7-653
654,V_6-654,V_7-654
655,V_6-655,V_7-655
656,V_6-656,V_7-656
657,V_6-657,V_7-657
658,V_6-658,V_7-658
659,V_6-659,V_7-659
660,V_6-660,V_7-660
661,V_6-661,V_7-661
662,V_6-662,V_7-662
663,V_6-663,V_7-663
664,V_6-664,V_7-664
665,V_6-665,V_7-665
666,V_6-666,V_7-666
667,V_6-667,V_7-667
668,V_6-668,V_7-668
669,V_6-669,V_7-669
670,V_6-670,V_7-670
671,V_6-671,V_7-671
672,V_6-672,V_7-672
673,V_6-673,V_7-673
674,V_6-674,V_7-674
675,V_6-675,V_7-675
676,V_6-676,V_7-676
677,V_6-677,V_7-677
678,V_6-678,V_7-678
679,V_6-679,V_7-679
680,V_6-680,V_7-680
681,V_6-681,V_7-681
682,V_6-682,V_7-682
683,V_6-683,V_7-683
684,V_6-684,V_7-684
685,V_6-685,V_7-685
686,V_6-686,V_7-686
687,V_6-687,V_7-687
688,V_6-688,V_7-688
689,V_6-689,V_7-689
690,V_6-690,V_7-690
691,V_6-691,V_7-691
692,V_6-692,V_7-692
693,V_6-693,V_7-693
694,V_6-694,V_7-694
695,V_6-695,V_7-695
696,V_6-696,V_7-696
697,V_6-697,V_7-697
698,V_6-698,V_7-698
699,V_6-699,V_7-699
700,V_6-700,V_7-700
701,V_6-701,V_7-701
702,V_6-702,V_7-702
703,V_6-703,V_7-703
704,V_6-704,V_7-704
705,V_6-705,V_7-705
706,V_6-706,V_7-706
707,V_6-707,V_7-707
708,V_6-708,V_7-708
709,V_6-709,V_7-709
710,V_6-710,V_7-710
711,V_6-711,V_7-711
712,V_6-712,V_7-712
713,V_6-713,V_7-713
714,V_6-714,V_7-714
715,V_6-715,V_7-715
716,V_6-716,V_7-716
717,V_6-717,V_7-717
718,V_6-718,V_7-718
719,V_6-719,V_7-719
720,V_6-720,V_7-720
721,V_6-721,V_7-721
722,V_6-722,V_7-722
723,V_6-723,V_7-723
724,V_6-724,V_7-724
725,V_6-725,V_7-725
726,V_6-726,V_7-726
727,V_6-727,V_7-727
728,V_6-728,V_7-728
729,V_6-729,V_7-729
730,V_6-730,V_7-730
731,V_6-731,V_7-731
732,V_6-732,V_7-732
733,V_6-733,V_7-733
734,V_6-734,V_7-734
735,V_6-735,V_7-735
736,V_6-736,V_7-736
737,V_6-737,V_7-737
738,V_6-738,V_7-738
739,V_6-739,V_7-739
740,V_6-740,V_7-740
741,V_6-741,V_7-741
742,V_6-742,V_7-742
743,V_6-743,V_7-743
744,V_6-744,V_7-744
745,V_6-745,V_7-745
746,V_6-746,V_7-746
747,V_6-747,V_7-747
748,V_6-748,V_7-748
749,V_6-749,V_7-749
750,V_6-750,V_7-750
751,V_6-751,V_7-751
752,V_6-752,V_7-752
753,V_6-753,V_7-753
754,V_6-754,V_7-754
755,V_6-755,V_7-755
756,V_6-756,V_7-756
757,V_6-757,V_7-757
758,V_6-758,V_7-758
759,V_6-759,V_7-759
760,V_6-760,V_7-760
761,V_6-761,V_7-761
762,V_6-762,V_7-762
763,V_6-763,V_7-763
764,V_6-764,V_7-764
765,V_6-765,V_7-765
766,V_6-766,V_7-766
767,V_6-767,V_7-767
768,V_6-768,V_7-768
769,V_6-769,V_7-769
770,V_6-770,V_7-770
771,V_6-771,V_7-771
772,V_6-772,V_7-772
773,V_6-773,V_7-773
774,V_6-774,V_7-774
775,V_6-775,V_7-775
776,V_6-776,V_7-776
777,V_6-777,V_7-777
778,V_6-778,V_7-778
779,V_6-779,V_7-779
780,V_6-780,V_7-780
781,V_6-781,V_7-781
782,V_6-782,V_7-782
783,V_6-783,V_7-783
784,V_6-784,V_7-784
785,V_6-785,V_7-785
786,V_6-786,V_7-786
787,V_6-787,V_7-787
788,V_6-788,V_7-788
789,V_6-789,V_7-789
790,V_6-790,V_7-790
791,V_6-791,V_7-791
792,V_6-792,V_7-792
793,V_6-793,V_7-793
794,V_6-794,V_7-794
795,V_6-795,V_7-795
796,V_6-796,V_7-796
797,V_6-797,V_7-797
798,V_6-798,V_7-798
799,V_6-799,V_7-799
800,V_6-800,V_7-800
801,V_6-801,V_7-801
802,V_6-802,V_7-802
803,V_6-803,V_7-803
804,V_6-804,V_7-804
805,V_6-805,V_7-805
806,V_6-806,V_7-806
807,V_6-807,V_7-807
808,V_6-808,V_7-808
809,V_6-809,V_7-809
810,V_6-810,V_7-810
811,V_6-811,V_7-811
812,V_6-812,V_7-812
813,V_6-813,V_7-813
814,V_6-814,V_7-814
815,V_6-815,V_7-815
816,V_6-816,V_7-816
817,V_6-817,V_7-817
818,V_6-818,V_7-818
819,V_6-819,V_7-819
820,V_6-820,V_7-820
821,V_6-821,V_7-821
822,V_6-822,V_7-822
823,V_6-823,V_7-823
824,V_6-824,V_7-824
825,V_6-825,V_7-825
826,V_6-826,V_7-826
827,V_6-827,V_7-827
828,V_6-828,V_7-828
829,V_6-829,V_7-829
830,V_6-830,V_7-830
831,V_6-831,V_7-831
832,V_6-832,V_7-832
833,V_6-833,V_7-833
834,V_6-834,V_7-834
835,V_6-835,V_7-835
836,V_6-836,V_7-836
837,V_6-837,V_7-837
838,V_6-838,V_7-838
839,V_6-839,V_7-839
840,V_6-840,V_7-840
841,V_6-841,V_7-841
842,V_6-842,V_7-842
843,V_6-843,V_7-843
844,V_6-844,V_7-844
845,V_6-845,V_7-845
846,V_6-846,V_7-846
847,V_6-847,V_7-847
848,V_6-848,V_7-848
849,V_6-849,V_7-849
850,V_6-850,V_7-850
851,V_6-851,V_7-851
852,V_6-852,V_7-852
853,V_6-853,V_7-853
854,V_6-854,V_7-854
855,V_6-855,V_7-855
856,V_6-856,V_7-856
857,V_6-857,V_7-857
858,V_6-858,V_7-858
859,V_6-859,V_7-859
860,V_6-860,V_7-860
861,V_6-861,V_7-861
862,V_6-862,V_7-862
863,V_6-863,V_7-863
864,V_6-864,V_7-864
865,V_6-865,V_7-865
866,V_6-866,V_7-866
867,V_6-867,V_7-867
868,V_6-868,V_7-868
869,V_6-869,V_7-869
870,V_6-870,V_7-870
871,V_6-871,V_7-871
872,V_6-872,V_7-872
873,V_6-873,V_7-873
874,V_6-874,V_7-874
875,V_6-875,V_7-875
876,V_6-876,V_7-876
877,V_6-877,V_7-877
878,V_6-878,V_7-878
879,V_6-879,V_7-879
880,V_6-880,V_7-880
881,V_6-881,V_7-881
882,V_6-882,V_7-882
883,V_6-883,V_7-883
884,V_6-884,V_7-884
885,V_6-885,V_7-885
886,V_6-886,V_7-886
887,V_6-887,V_7-887
888,V_6-888,V_7-888
889,V_6-889,V_7-889
890,V_6-890,V_7-890
891,V_6-891,V_7-891
892,V_6-892,V_7-892
893,V_6-893,V_7-893
894,V_6-894,V_7-894
895,V_6-895,V_7-895
896,V_6-896,V_7-896
897,V_6-897,V_7-897
898,V_6-898,V_7-898
899,V_6-899,V_7-899
900,V_6-900,V_7-900
901,V_6-901,V_7-901
902,V_6-902,V_7-902
903,V_6-903,V_7-903
904,V_6-904,V_7-904
905,V_6-905,V_7-905
906,V_6-906,V_7-906
907,V_6-907,V_7-907
908,V_6-908,V_7-908
909,V_6-909,V_7-909
910,V_6-910,V_7-910
911,V_6-911,V_7-911
912,V_6-912,V_7-912
913,V_6-913,V_7-913
914,V_6-914,V_7-914
915,V_6-915,V_7-915
916,V_6-916,V_7-916
917,V_6-917,V_7-917
918,V_6-918,V_7-918
919,V_6-919,V_7-919
920,V_6-920,V_7-920
921,V_6-921,V_7-921
922,V_6-922,V_7-922
923,V_6-923,V_7-923
924,V_6-924,V_7-924
925,V_6-925,V_7-925
926,V_6-926,V_7-926
927,V_6-927,V_7-927
928,V_6-928,V_7-928
929,V_6-929,V_7-929
930,V_6-930,V_7-930
931,V_6-931,V_7-931
932,V_6-932,V_7-932
933,V_6-933,V_7-933
934,V_6-934,V_7-934
935,V_6-935,V_7-935
936,V_6-936,V_7-936
937,V_6-937,V_7-937
938,V_6-938,V_7-938
939,V_6-939,V_7-939
940,V_6-940,V_7-940
941,V_6-941,V_7-941
942,V_6-942,V_7-942
943,V_6-943,V_7-943
944,V_6-944,V_7-944
945,V_6-945,V_7-945
946,V_6-946,V_7-946
947,V_6-947,V_7-947
948,V_6-948,V_7-948
949,V_6-949,V_7-949
950,V_6-950,V_7-950
951,V_6-951,V_7-951
952,V_6-952,V_7-952
953,V_6-953,V_7-953
954,V_6-954,V_7-954
955,V_6-955,V_7-955
956,V_6-956,V_7-956
957,V_6-957,V_7-957
958,V_6-958,V_7-958
959,V_6-959,V_7-959
960,V_6-960,V_7-960
961,V_6-961,V_7-961
962,V_6-962,V_7-962
963,V_6-963,V_7-963
964,V_6-964,V_7-964
965,V_6-965,V_7-965
966,V_6-966,V_7-966
967,V_6-967,V_7-967
968,V_6-968,V_7-968
969,V_6-969,V_7-969
970,V_6-970,V_7-970
971,V_6-971,V_7-971
972,V_6-972,V_7-972
973,V_6-973,V_7-973
974,V_6-974,V_7-974
975,V_6-975,V_7-975
976,V_6-976,V_7-976
977,V_6-977,V_7-977
978,V_6-978,V_7-978
979,V_6-979,V_7-979
980,V_6-980,V_7-980
981,V_6-981,V_7-981
982,V_6-982,V_7-982
983,V_6-983,V_7-983
984,V_6-984,V_7-984
985,V_6-985,V_7-985
986,V_6-986,V_7-986
987,V_6-987,V_7-987
988,V_6-988,V_7-988
989,V_6-989,V_7-989
990,V_6-990,V_7-990
991,V_6-991,V_7-991
992,V_6-992,V_7-992
993,V_6-993,V_7-993
994,V_6-994,V_7-994
995,V_6-995,V_7-995
996,V_6-996,V_7-996
997,V_6-997,V_7-997
998,V_6-998,V_7-998
999,V_6-999,V_7-999
1000,V_6-1000,V_7-1000
